{"cameraMode":{"drawMode":0,"name":"Shaded","section":"Shading Mode"},"sceneLighting":true,"audioPlay":false,"sceneViewState":{"m_AlwaysRefresh":false,"showFog":true,"showSkybox":true,"showFlares":true,"showImageEffects":true,"showParticleSystems":true,"showVisualEffectGraphs":true,"m_FxEnabled":true},"in2DMode":false,"pivot":{"x":2.880772590637207,"y":4.485483169555664,"z":-2.1793060302734377},"rotation":{"x":-0.00007473309960914776,"y":0.9998123645782471,"z":-0.01949729211628437,"w":-0.004203724209219217},"size":0.6274139881134033,"orthographic":false}